<annotation>
	<folder>MARMOT_ANNOTATION</folder>
	<filename>10.1.1.101.292_2.bmp</filename>
	<path>/home/monika/Desktop/MARMOT_ANNOTATION/10.1.1.101.292_2.bmp</path>
	<source>
		<database>Unknown</database>
	</source>
	<size>
		<width>794</width>
		<height>1123</height>
		<depth>1</depth>
	</size>
	<segmented>0</segmented>
	<object>
		<name>column</name>
		<pose>Unspecified</pose>
		<truncated>0</truncated>
		<difficult>0</difficult>
		<bndbox>
			<xmin>117</xmin>
			<ymin>669</ymin>
			<xmax>206</xmax>
			<ymax>812</ymax>
		</bndbox>
	</object>
	<object>
		<name>column</name>
		<pose>Unspecified</pose>
		<truncated>0</truncated>
		<difficult>0</difficult>
		<bndbox>
			<xmin>247</xmin>
			<ymin>666</ymin>
			<xmax>675</xmax>
			<ymax>808</ymax>
		</bndbox>
	</object>
</annotation>
