<annotation>
	<folder>MARMOT_ANNOTATION</folder>
	<filename>10.1.1.120.1507_12.bmp</filename>
	<path>/home/monika/Desktop/MARMOT_ANNOTATION/10.1.1.120.1507_12.bmp</path>
	<source>
		<database>Unknown</database>
	</source>
	<size>
		<width>725</width>
		<height>991</height>
		<depth>3</depth>
	</size>
	<segmented>0</segmented>
	<object>
		<name>column</name>
		<pose>Unspecified</pose>
		<truncated>0</truncated>
		<difficult>0</difficult>
		<bndbox>
			<xmin>377</xmin>
			<ymin>162</ymin>
			<xmax>424</xmax>
			<ymax>321</ymax>
		</bndbox>
	</object>
	<object>
		<name>column</name>
		<pose>Unspecified</pose>
		<truncated>0</truncated>
		<difficult>0</difficult>
		<bndbox>
			<xmin>608</xmin>
			<ymin>163</ymin>
			<xmax>652</xmax>
			<ymax>321</ymax>
		</bndbox>
	</object>
</annotation>
