<annotation>
	<folder>MARMOT_ANNOTATION</folder>
	<filename>10.1.1.120.1614_4.bmp</filename>
	<path>/home/monika/Desktop/MARMOT_ANNOTATION/10.1.1.120.1614_4.bmp</path>
	<source>
		<database>Unknown</database>
	</source>
	<size>
		<width>807</width>
		<height>1048</height>
		<depth>1</depth>
	</size>
	<segmented>0</segmented>
	<object>
		<name>column</name>
		<pose>Unspecified</pose>
		<truncated>0</truncated>
		<difficult>0</difficult>
		<bndbox>
			<xmin>68</xmin>
			<ymin>99</ymin>
			<xmax>102</xmax>
			<ymax>201</ymax>
		</bndbox>
	</object>
	<object>
		<name>column</name>
		<pose>Unspecified</pose>
		<truncated>0</truncated>
		<difficult>0</difficult>
		<bndbox>
			<xmin>133</xmin>
			<ymin>101</ymin>
			<xmax>177</xmax>
			<ymax>202</ymax>
		</bndbox>
	</object>
	<object>
		<name>column</name>
		<pose>Unspecified</pose>
		<truncated>0</truncated>
		<difficult>0</difficult>
		<bndbox>
			<xmin>207</xmin>
			<ymin>103</ymin>
			<xmax>234</xmax>
			<ymax>199</ymax>
		</bndbox>
	</object>
	<object>
		<name>column</name>
		<pose>Unspecified</pose>
		<truncated>0</truncated>
		<difficult>0</difficult>
		<bndbox>
			<xmin>257</xmin>
			<ymin>100</ymin>
			<xmax>285</xmax>
			<ymax>201</ymax>
		</bndbox>
	</object>
	<object>
		<name>column</name>
		<pose>Unspecified</pose>
		<truncated>0</truncated>
		<difficult>0</difficult>
		<bndbox>
			<xmin>304</xmin>
			<ymin>100</ymin>
			<xmax>333</xmax>
			<ymax>201</ymax>
		</bndbox>
	</object>
	<object>
		<name>column</name>
		<pose>Unspecified</pose>
		<truncated>0</truncated>
		<difficult>0</difficult>
		<bndbox>
			<xmin>352</xmin>
			<ymin>103</ymin>
			<xmax>388</xmax>
			<ymax>202</ymax>
		</bndbox>
	</object>
</annotation>
