<annotation>
	<folder>MARMOT_ANNOTATION</folder>
	<filename>10.1.1.160.623_7.bmp</filename>
	<path>/home/monika/Desktop/MARMOT_ANNOTATION/10.1.1.160.623_7.bmp</path>
	<source>
		<database>Unknown</database>
	</source>
	<size>
		<width>816</width>
		<height>1056</height>
		<depth>3</depth>
	</size>
	<segmented>0</segmented>
	<object>
		<name>column</name>
		<pose>Unspecified</pose>
		<truncated>0</truncated>
		<difficult>0</difficult>
		<bndbox>
			<xmin>450</xmin>
			<ymin>688</ymin>
			<xmax>470</xmax>
			<ymax>731</ymax>
		</bndbox>
	</object>
	<object>
		<name>column</name>
		<pose>Unspecified</pose>
		<truncated>0</truncated>
		<difficult>0</difficult>
		<bndbox>
			<xmin>522</xmin>
			<ymin>690</ymin>
			<xmax>541</xmax>
			<ymax>728</ymax>
		</bndbox>
	</object>
	<object>
		<name>column</name>
		<pose>Unspecified</pose>
		<truncated>0</truncated>
		<difficult>0</difficult>
		<bndbox>
			<xmin>585</xmin>
			<ymin>692</ymin>
			<xmax>618</xmax>
			<ymax>728</ymax>
		</bndbox>
	</object>
	<object>
		<name>column</name>
		<pose>Unspecified</pose>
		<truncated>0</truncated>
		<difficult>0</difficult>
		<bndbox>
			<xmin>659</xmin>
			<ymin>690</ymin>
			<xmax>677</xmax>
			<ymax>727</ymax>
		</bndbox>
	</object>
</annotation>
