<annotation>
	<folder>MARMOT_ANNOTATION</folder>
	<filename>10.1.1.160.628_2.bmp</filename>
	<path>/home/monika/Desktop/MARMOT_ANNOTATION/10.1.1.160.628_2.bmp</path>
	<source>
		<database>Unknown</database>
	</source>
	<size>
		<width>793</width>
		<height>1123</height>
		<depth>1</depth>
	</size>
	<segmented>0</segmented>
	<object>
		<name>column</name>
		<pose>Unspecified</pose>
		<truncated>0</truncated>
		<difficult>0</difficult>
		<bndbox>
			<xmin>186</xmin>
			<ymin>380</ymin>
			<xmax>276</xmax>
			<ymax>455</ymax>
		</bndbox>
	</object>
	<object>
		<name>column</name>
		<pose>Unspecified</pose>
		<truncated>0</truncated>
		<difficult>0</difficult>
		<bndbox>
			<xmin>290</xmin>
			<ymin>380</ymin>
			<xmax>380</xmax>
			<ymax>457</ymax>
		</bndbox>
	</object>
	<object>
		<name>column</name>
		<pose>Unspecified</pose>
		<truncated>0</truncated>
		<difficult>0</difficult>
		<bndbox>
			<xmin>391</xmin>
			<ymin>399</ymin>
			<xmax>481</xmax>
			<ymax>458</ymax>
		</bndbox>
	</object>
	<object>
		<name>column</name>
		<pose>Unspecified</pose>
		<truncated>0</truncated>
		<difficult>0</difficult>
		<bndbox>
			<xmin>498</xmin>
			<ymin>401</ymin>
			<xmax>593</xmax>
			<ymax>455</ymax>
		</bndbox>
	</object>
</annotation>
