<annotation>
	<folder>MARMOT_ANNOTATION</folder>
	<filename>10.1.1.172.1002_32.bmp</filename>
	<path>/home/monika/Desktop/MARMOT_ANNOTATION/10.1.1.172.1002_32.bmp</path>
	<source>
		<database>Unknown</database>
	</source>
	<size>
		<width>816</width>
		<height>1056</height>
		<depth>1</depth>
	</size>
	<segmented>0</segmented>
	<object>
		<name>column</name>
		<pose>Unspecified</pose>
		<truncated>0</truncated>
		<difficult>0</difficult>
		<bndbox>
			<xmin>215</xmin>
			<ymin>316</ymin>
			<xmax>292</xmax>
			<ymax>598</ymax>
		</bndbox>
	</object>
	<object>
		<name>column</name>
		<pose>Unspecified</pose>
		<truncated>0</truncated>
		<difficult>0</difficult>
		<bndbox>
			<xmin>319</xmin>
			<ymin>319</ymin>
			<xmax>378</xmax>
			<ymax>599</ymax>
		</bndbox>
	</object>
	<object>
		<name>column</name>
		<pose>Unspecified</pose>
		<truncated>0</truncated>
		<difficult>0</difficult>
		<bndbox>
			<xmin>415</xmin>
			<ymin>315</ymin>
			<xmax>482</xmax>
			<ymax>601</ymax>
		</bndbox>
	</object>
	<object>
		<name>column</name>
		<pose>Unspecified</pose>
		<truncated>0</truncated>
		<difficult>0</difficult>
		<bndbox>
			<xmin>519</xmin>
			<ymin>316</ymin>
			<xmax>586</xmax>
			<ymax>594</ymax>
		</bndbox>
	</object>
</annotation>
