<annotation>
	<folder>MARMOT_ANNOTATION</folder>
	<filename>10.1.1.175.3002_26.bmp</filename>
	<path>/home/monika/Desktop/MARMOT_ANNOTATION/10.1.1.175.3002_26.bmp</path>
	<source>
		<database>Unknown</database>
	</source>
	<size>
		<width>816</width>
		<height>1056</height>
		<depth>1</depth>
	</size>
	<segmented>0</segmented>
	<object>
		<name>column</name>
		<pose>Unspecified</pose>
		<truncated>0</truncated>
		<difficult>0</difficult>
		<bndbox>
			<xmin>139</xmin>
			<ymin>482</ymin>
			<xmax>226</xmax>
			<ymax>783</ymax>
		</bndbox>
	</object>
	<object>
		<name>column</name>
		<pose>Unspecified</pose>
		<truncated>0</truncated>
		<difficult>0</difficult>
		<bndbox>
			<xmin>267</xmin>
			<ymin>486</ymin>
			<xmax>576</xmax>
			<ymax>782</ymax>
		</bndbox>
	</object>
</annotation>
