<annotation>
	<folder>MARMOT_ANNOTATION</folder>
	<filename>10.1.1.177.3001_109.bmp</filename>
	<path>/home/monika/Desktop/MARMOT_ANNOTATION/10.1.1.177.3001_109.bmp</path>
	<source>
		<database>Unknown</database>
	</source>
	<size>
		<width>794</width>
		<height>1123</height>
		<depth>1</depth>
	</size>
	<segmented>0</segmented>
	<object>
		<name>column</name>
		<pose>Unspecified</pose>
		<truncated>0</truncated>
		<difficult>0</difficult>
		<bndbox>
			<xmin>162</xmin>
			<ymin>119</ymin>
			<xmax>200</xmax>
			<ymax>919</ymax>
		</bndbox>
	</object>
	<object>
		<name>column</name>
		<pose>Unspecified</pose>
		<truncated>0</truncated>
		<difficult>0</difficult>
		<bndbox>
			<xmin>226</xmin>
			<ymin>116</ymin>
			<xmax>473</xmax>
			<ymax>922</ymax>
		</bndbox>
	</object>
	<object>
		<name>column</name>
		<pose>Unspecified</pose>
		<truncated>0</truncated>
		<difficult>0</difficult>
		<bndbox>
			<xmin>500</xmin>
			<ymin>119</ymin>
			<xmax>528</xmax>
			<ymax>921</ymax>
		</bndbox>
	</object>
	<object>
		<name>column</name>
		<pose>Unspecified</pose>
		<truncated>0</truncated>
		<difficult>0</difficult>
		<bndbox>
			<xmin>548</xmin>
			<ymin>118</ymin>
			<xmax>664</xmax>
			<ymax>919</ymax>
		</bndbox>
	</object>
</annotation>
