<annotation>
	<folder>MARMOT_ANNOTATION</folder>
	<filename>10.1.1.177.3001_114.bmp</filename>
	<path>/home/monika/Desktop/MARMOT_ANNOTATION/10.1.1.177.3001_114.bmp</path>
	<source>
		<database>Unknown</database>
	</source>
	<size>
		<width>794</width>
		<height>1123</height>
		<depth>1</depth>
	</size>
	<segmented>0</segmented>
	<object>
		<name>column</name>
		<pose>Unspecified</pose>
		<truncated>0</truncated>
		<difficult>0</difficult>
		<bndbox>
			<xmin>186</xmin>
			<ymin>373</ymin>
			<xmax>244</xmax>
			<ymax>650</ymax>
		</bndbox>
	</object>
	<object>
		<name>column</name>
		<pose>Unspecified</pose>
		<truncated>0</truncated>
		<difficult>0</difficult>
		<bndbox>
			<xmin>264</xmin>
			<ymin>371</ymin>
			<xmax>441</xmax>
			<ymax>648</ymax>
		</bndbox>
	</object>
	<object>
		<name>column</name>
		<pose>Unspecified</pose>
		<truncated>0</truncated>
		<difficult>0</difficult>
		<bndbox>
			<xmin>489</xmin>
			<ymin>370</ymin>
			<xmax>645</xmax>
			<ymax>651</ymax>
		</bndbox>
	</object>
</annotation>
