<annotation>
	<folder>MARMOT_ANNOTATION</folder>
	<filename>10.1.1.177.3007_21.bmp</filename>
	<path>/home/monika/Desktop/MARMOT_ANNOTATION/10.1.1.177.3007_21.bmp</path>
	<source>
		<database>Unknown</database>
	</source>
	<size>
		<width>1056</width>
		<height>816</height>
		<depth>1</depth>
	</size>
	<segmented>0</segmented>
	<object>
		<name>column</name>
		<pose>Unspecified</pose>
		<truncated>0</truncated>
		<difficult>0</difficult>
		<bndbox>
			<xmin>82</xmin>
			<ymin>159</ymin>
			<xmax>107</xmax>
			<ymax>560</ymax>
		</bndbox>
	</object>
	<object>
		<name>column</name>
		<pose>Unspecified</pose>
		<truncated>0</truncated>
		<difficult>0</difficult>
		<bndbox>
			<xmin>135</xmin>
			<ymin>162</ymin>
			<xmax>244</xmax>
			<ymax>562</ymax>
		</bndbox>
	</object>
	<object>
		<name>column</name>
		<pose>Unspecified</pose>
		<truncated>0</truncated>
		<difficult>0</difficult>
		<bndbox>
			<xmin>314</xmin>
			<ymin>162</ymin>
			<xmax>517</xmax>
			<ymax>559</ymax>
		</bndbox>
	</object>
	<object>
		<name>column</name>
		<pose>Unspecified</pose>
		<truncated>0</truncated>
		<difficult>0</difficult>
		<bndbox>
			<xmin>538</xmin>
			<ymin>160</ymin>
			<xmax>691</xmax>
			<ymax>559</ymax>
		</bndbox>
	</object>
	<object>
		<name>column</name>
		<pose>Unspecified</pose>
		<truncated>0</truncated>
		<difficult>0</difficult>
		<bndbox>
			<xmin>760</xmin>
			<ymin>153</ymin>
			<xmax>971</xmax>
			<ymax>565</ymax>
		</bndbox>
	</object>
</annotation>
