<annotation>
	<folder>MARMOT_ANNOTATION</folder>
	<filename>10.1.1.178.3002_12.bmp</filename>
	<path>/home/monika/Desktop/MARMOT_ANNOTATION/10.1.1.178.3002_12.bmp</path>
	<source>
		<database>Unknown</database>
	</source>
	<size>
		<width>794</width>
		<height>1122</height>
		<depth>1</depth>
	</size>
	<segmented>0</segmented>
	<object>
		<name>column</name>
		<pose>Unspecified</pose>
		<truncated>0</truncated>
		<difficult>0</difficult>
		<bndbox>
			<xmin>195</xmin>
			<ymin>131</ymin>
			<xmax>245</xmax>
			<ymax>348</ymax>
		</bndbox>
	</object>
	<object>
		<name>column</name>
		<pose>Unspecified</pose>
		<truncated>0</truncated>
		<difficult>0</difficult>
		<bndbox>
			<xmin>306</xmin>
			<ymin>158</ymin>
			<xmax>371</xmax>
			<ymax>345</ymax>
		</bndbox>
	</object>
	<object>
		<name>column</name>
		<pose>Unspecified</pose>
		<truncated>0</truncated>
		<difficult>0</difficult>
		<bndbox>
			<xmin>385</xmin>
			<ymin>159</ymin>
			<xmax>454</xmax>
			<ymax>345</ymax>
		</bndbox>
	</object>
	<object>
		<name>column</name>
		<pose>Unspecified</pose>
		<truncated>0</truncated>
		<difficult>0</difficult>
		<bndbox>
			<xmin>471</xmin>
			<ymin>153</ymin>
			<xmax>539</xmax>
			<ymax>343</ymax>
		</bndbox>
	</object>
	<object>
		<name>column</name>
		<pose>Unspecified</pose>
		<truncated>0</truncated>
		<difficult>0</difficult>
		<bndbox>
			<xmin>552</xmin>
			<ymin>158</ymin>
			<xmax>602</xmax>
			<ymax>345</ymax>
		</bndbox>
	</object>
</annotation>
