<annotation>
	<folder>MARMOT_ANNOTATION</folder>
	<filename>10.1.1.185.1563_16.bmp</filename>
	<path>/home/monika/Desktop/MARMOT_ANNOTATION/10.1.1.185.1563_16.bmp</path>
	<source>
		<database>Unknown</database>
	</source>
	<size>
		<width>816</width>
		<height>1056</height>
		<depth>1</depth>
	</size>
	<segmented>0</segmented>
	<object>
		<name>column</name>
		<pose>Unspecified</pose>
		<truncated>0</truncated>
		<difficult>0</difficult>
		<bndbox>
			<xmin>101</xmin>
			<ymin>117</ymin>
			<xmax>168</xmax>
			<ymax>852</ymax>
		</bndbox>
	</object>
	<object>
		<name>column</name>
		<pose>Unspecified</pose>
		<truncated>0</truncated>
		<difficult>0</difficult>
		<bndbox>
			<xmin>182</xmin>
			<ymin>116</ymin>
			<xmax>243</xmax>
			<ymax>852</ymax>
		</bndbox>
	</object>
	<object>
		<name>column</name>
		<pose>Unspecified</pose>
		<truncated>0</truncated>
		<difficult>0</difficult>
		<bndbox>
			<xmin>262</xmin>
			<ymin>119</ymin>
			<xmax>300</xmax>
			<ymax>854</ymax>
		</bndbox>
	</object>
	<object>
		<name>column</name>
		<pose>Unspecified</pose>
		<truncated>0</truncated>
		<difficult>0</difficult>
		<bndbox>
			<xmin>312</xmin>
			<ymin>117</ymin>
			<xmax>347</xmax>
			<ymax>854</ymax>
		</bndbox>
	</object>
</annotation>
