<annotation>
	<folder>MARMOT_ANNOTATION</folder>
	<filename>10.1.1.33.6412_13.bmp</filename>
	<path>/home/monika/Desktop/MARMOT_ANNOTATION/10.1.1.33.6412_13.bmp</path>
	<source>
		<database>Unknown</database>
	</source>
	<size>
		<width>793</width>
		<height>1123</height>
		<depth>1</depth>
	</size>
	<segmented>0</segmented>
	<object>
		<name>column</name>
		<pose>Unspecified</pose>
		<truncated>0</truncated>
		<difficult>0</difficult>
		<bndbox>
			<xmin>75</xmin>
			<ymin>972</ymin>
			<xmax>166</xmax>
			<ymax>1040</ymax>
		</bndbox>
	</object>
	<object>
		<name>column</name>
		<pose>Unspecified</pose>
		<truncated>0</truncated>
		<difficult>0</difficult>
		<bndbox>
			<xmin>186</xmin>
			<ymin>974</ymin>
			<xmax>264</xmax>
			<ymax>1040</ymax>
		</bndbox>
	</object>
	<object>
		<name>column</name>
		<pose>Unspecified</pose>
		<truncated>0</truncated>
		<difficult>0</difficult>
		<bndbox>
			<xmin>299</xmin>
			<ymin>971</ymin>
			<xmax>350</xmax>
			<ymax>1043</ymax>
		</bndbox>
	</object>
</annotation>
