<annotation>
	<folder>MARMOT_ANNOTATION</folder>
	<filename>10.1.1.36.2833_19.bmp</filename>
	<path>/home/monika/Desktop/MARMOT_ANNOTATION/10.1.1.36.2833_19.bmp</path>
	<source>
		<database>Unknown</database>
	</source>
	<size>
		<width>793</width>
		<height>1123</height>
		<depth>1</depth>
	</size>
	<segmented>0</segmented>
	<object>
		<name>column</name>
		<pose>Unspecified</pose>
		<truncated>0</truncated>
		<difficult>0</difficult>
		<bndbox>
			<xmin>93</xmin>
			<ymin>724</ymin>
			<xmax>182</xmax>
			<ymax>937</ymax>
		</bndbox>
	</object>
	<object>
		<name>column</name>
		<pose>Unspecified</pose>
		<truncated>0</truncated>
		<difficult>0</difficult>
		<bndbox>
			<xmin>222</xmin>
			<ymin>724</ymin>
			<xmax>347</xmax>
			<ymax>940</ymax>
		</bndbox>
	</object>
	<object>
		<name>column</name>
		<pose>Unspecified</pose>
		<truncated>0</truncated>
		<difficult>0</difficult>
		<bndbox>
			<xmin>482</xmin>
			<ymin>722</ymin>
			<xmax>635</xmax>
			<ymax>933</ymax>
		</bndbox>
	</object>
</annotation>
