<annotation>
	<folder>MARMOT_ANNOTATION</folder>
	<filename>10.1.1.36.2833_22.bmp</filename>
	<path>/home/monika/Desktop/MARMOT_ANNOTATION/10.1.1.36.2833_22.bmp</path>
	<source>
		<database>Unknown</database>
	</source>
	<size>
		<width>793</width>
		<height>1123</height>
		<depth>1</depth>
	</size>
	<segmented>0</segmented>
	<object>
		<name>column</name>
		<pose>Unspecified</pose>
		<truncated>0</truncated>
		<difficult>0</difficult>
		<bndbox>
			<xmin>68</xmin>
			<ymin>196</ymin>
			<xmax>207</xmax>
			<ymax>465</ymax>
		</bndbox>
	</object>
	<object>
		<name>column</name>
		<pose>Unspecified</pose>
		<truncated>0</truncated>
		<difficult>0</difficult>
		<bndbox>
			<xmin>282</xmin>
			<ymin>191</ymin>
			<xmax>700</xmax>
			<ymax>468</ymax>
		</bndbox>
	</object>
</annotation>
