<annotation>
	<folder>MARMOT_ANNOTATION</folder>
	<filename>10.1.1.36.5934_13.bmp</filename>
	<path>/home/monika/Desktop/MARMOT_ANNOTATION/10.1.1.36.5934_13.bmp</path>
	<source>
		<database>Unknown</database>
	</source>
	<size>
		<width>816</width>
		<height>1056</height>
		<depth>1</depth>
	</size>
	<segmented>0</segmented>
	<object>
		<name>column</name>
		<pose>Unspecified</pose>
		<truncated>0</truncated>
		<difficult>0</difficult>
		<bndbox>
			<xmin>221</xmin>
			<ymin>76</ymin>
			<xmax>271</xmax>
			<ymax>294</ymax>
		</bndbox>
	</object>
	<object>
		<name>column</name>
		<pose>Unspecified</pose>
		<truncated>0</truncated>
		<difficult>0</difficult>
		<bndbox>
			<xmin>294</xmin>
			<ymin>74</ymin>
			<xmax>334</xmax>
			<ymax>292</ymax>
		</bndbox>
	</object>
	<object>
		<name>column</name>
		<pose>Unspecified</pose>
		<truncated>0</truncated>
		<difficult>0</difficult>
		<bndbox>
			<xmin>351</xmin>
			<ymin>77</ymin>
			<xmax>391</xmax>
			<ymax>291</ymax>
		</bndbox>
	</object>
	<object>
		<name>column</name>
		<pose>Unspecified</pose>
		<truncated>0</truncated>
		<difficult>0</difficult>
		<bndbox>
			<xmin>409</xmin>
			<ymin>76</ymin>
			<xmax>450</xmax>
			<ymax>289</ymax>
		</bndbox>
	</object>
	<object>
		<name>column</name>
		<pose>Unspecified</pose>
		<truncated>0</truncated>
		<difficult>0</difficult>
		<bndbox>
			<xmin>468</xmin>
			<ymin>72</ymin>
			<xmax>512</xmax>
			<ymax>289</ymax>
		</bndbox>
	</object>
</annotation>
