<annotation>
	<folder>MARMOT_ANNOTATION</folder>
	<filename>10.1.1.37.5365_7.bmp</filename>
	<path>/home/monika/Desktop/MARMOT_ANNOTATION/10.1.1.37.5365_7.bmp</path>
	<source>
		<database>Unknown</database>
	</source>
	<size>
		<width>816</width>
		<height>1056</height>
		<depth>1</depth>
	</size>
	<segmented>0</segmented>
	<object>
		<name>column</name>
		<pose>Unspecified</pose>
		<truncated>0</truncated>
		<difficult>0</difficult>
		<bndbox>
			<xmin>97</xmin>
			<ymin>92</ymin>
			<xmax>132</xmax>
			<ymax>247</ymax>
		</bndbox>
	</object>
	<object>
		<name>column</name>
		<pose>Unspecified</pose>
		<truncated>0</truncated>
		<difficult>0</difficult>
		<bndbox>
			<xmin>175</xmin>
			<ymin>92</ymin>
			<xmax>203</xmax>
			<ymax>245</ymax>
		</bndbox>
	</object>
	<object>
		<name>column</name>
		<pose>Unspecified</pose>
		<truncated>0</truncated>
		<difficult>0</difficult>
		<bndbox>
			<xmin>238</xmin>
			<ymin>108</ymin>
			<xmax>269</xmax>
			<ymax>248</ymax>
		</bndbox>
	</object>
	<object>
		<name>column</name>
		<pose>Unspecified</pose>
		<truncated>0</truncated>
		<difficult>0</difficult>
		<bndbox>
			<xmin>300</xmin>
			<ymin>111</ymin>
			<xmax>340</xmax>
			<ymax>245</ymax>
		</bndbox>
	</object>
</annotation>
