<annotation>
	<folder>MARMOT_ANNOTATION</folder>
	<filename>10.1.1.6.2188_6.bmp</filename>
	<path>/home/monika/Desktop/MARMOT_ANNOTATION/10.1.1.6.2188_6.bmp</path>
	<source>
		<database>Unknown</database>
	</source>
	<size>
		<width>793</width>
		<height>1123</height>
		<depth>1</depth>
	</size>
	<segmented>0</segmented>
	<object>
		<name>column</name>
		<pose>Unspecified</pose>
		<truncated>0</truncated>
		<difficult>0</difficult>
		<bndbox>
			<xmin>171</xmin>
			<ymin>138</ymin>
			<xmax>227</xmax>
			<ymax>263</ymax>
		</bndbox>
	</object>
	<object>
		<name>column</name>
		<pose>Unspecified</pose>
		<truncated>0</truncated>
		<difficult>0</difficult>
		<bndbox>
			<xmin>241</xmin>
			<ymin>140</ymin>
			<xmax>250</xmax>
			<ymax>269</ymax>
		</bndbox>
	</object>
	<object>
		<name>column</name>
		<pose>Unspecified</pose>
		<truncated>0</truncated>
		<difficult>0</difficult>
		<bndbox>
			<xmin>264</xmin>
			<ymin>140</ymin>
			<xmax>275</xmax>
			<ymax>266</ymax>
		</bndbox>
	</object>
	<object>
		<name>column</name>
		<pose>Unspecified</pose>
		<truncated>0</truncated>
		<difficult>0</difficult>
		<bndbox>
			<xmin>286</xmin>
			<ymin>138</ymin>
			<xmax>294</xmax>
			<ymax>266</ymax>
		</bndbox>
	</object>
</annotation>
