<annotation>
	<folder>MARMOT_ANNOTATION</folder>
	<filename>10.1.1.1.2063_21.bmp</filename>
	<path>/home/monika/Desktop/MARMOT_ANNOTATION/10.1.1.1.2063_21.bmp</path>
	<source>
		<database>Unknown</database>
	</source>
	<size>
		<width>651</width>
		<height>964</height>
		<depth>1</depth>
	</size>
	<segmented>0</segmented>
	<object>
		<name>column</name>
		<pose>Unspecified</pose>
		<truncated>0</truncated>
		<difficult>0</difficult>
		<bndbox>
			<xmin>88</xmin>
			<ymin>80</ymin>
			<xmax>115</xmax>
			<ymax>232</ymax>
		</bndbox>
	</object>
	<object>
		<name>column</name>
		<pose>Unspecified</pose>
		<truncated>0</truncated>
		<difficult>0</difficult>
		<bndbox>
			<xmin>194</xmin>
			<ymin>81</ymin>
			<xmax>225</xmax>
			<ymax>232</ymax>
		</bndbox>
	</object>
	<object>
		<name>column</name>
		<pose>Unspecified</pose>
		<truncated>0</truncated>
		<difficult>0</difficult>
		<bndbox>
			<xmin>302</xmin>
			<ymin>82</ymin>
			<xmax>341</xmax>
			<ymax>231</ymax>
		</bndbox>
	</object>
	<object>
		<name>column</name>
		<pose>Unspecified</pose>
		<truncated>0</truncated>
		<difficult>0</difficult>
		<bndbox>
			<xmin>414</xmin>
			<ymin>81</ymin>
			<xmax>453</xmax>
			<ymax>232</ymax>
		</bndbox>
	</object>
	<object>
		<name>column</name>
		<pose>Unspecified</pose>
		<truncated>0</truncated>
		<difficult>0</difficult>
		<bndbox>
			<xmin>526</xmin>
			<ymin>84</ymin>
			<xmax>583</xmax>
			<ymax>231</ymax>
		</bndbox>
	</object>
</annotation>
