<annotation>
	<folder>MARMOT_ANNOTATION</folder>
	<filename>10.1.1.1.2063_4.bmp</filename>
	<path>/home/monika/Desktop/MARMOT_ANNOTATION/10.1.1.1.2063_4.bmp</path>
	<source>
		<database>Unknown</database>
	</source>
	<size>
		<width>651</width>
		<height>964</height>
		<depth>1</depth>
	</size>
	<segmented>0</segmented>
	<object>
		<name>column</name>
		<pose>Unspecified</pose>
		<truncated>0</truncated>
		<difficult>0</difficult>
		<bndbox>
			<xmin>91</xmin>
			<ymin>110</ymin>
			<xmax>156</xmax>
			<ymax>388</ymax>
		</bndbox>
	</object>
	<object>
		<name>column</name>
		<pose>Unspecified</pose>
		<truncated>0</truncated>
		<difficult>0</difficult>
		<bndbox>
			<xmin>186</xmin>
			<ymin>109</ymin>
			<xmax>321</xmax>
			<ymax>391</ymax>
		</bndbox>
	</object>
	<object>
		<name>column</name>
		<pose>Unspecified</pose>
		<truncated>0</truncated>
		<difficult>0</difficult>
		<bndbox>
			<xmin>351</xmin>
			<ymin>109</ymin>
			<xmax>444</xmax>
			<ymax>391</ymax>
		</bndbox>
	</object>
	<object>
		<name>column</name>
		<pose>Unspecified</pose>
		<truncated>0</truncated>
		<difficult>0</difficult>
		<bndbox>
			<xmin>485</xmin>
			<ymin>109</ymin>
			<xmax>583</xmax>
			<ymax>390</ymax>
		</bndbox>
	</object>
</annotation>
