<annotation>
	<folder>MARMOT_ANNOTATION</folder>
	<filename>10.1.1.6.2264_70.bmp</filename>
	<path>/home/monika/Desktop/MARMOT_ANNOTATION/10.1.1.6.2264_70.bmp</path>
	<source>
		<database>Unknown</database>
	</source>
	<size>
		<width>793</width>
		<height>1123</height>
		<depth>1</depth>
	</size>
	<segmented>0</segmented>
	<object>
		<name>column</name>
		<pose>Unspecified</pose>
		<truncated>0</truncated>
		<difficult>0</difficult>
		<bndbox>
			<xmin>125</xmin>
			<ymin>126</ymin>
			<xmax>216</xmax>
			<ymax>491</ymax>
		</bndbox>
	</object>
	<object>
		<name>column</name>
		<pose>Unspecified</pose>
		<truncated>0</truncated>
		<difficult>0</difficult>
		<bndbox>
			<xmin>236</xmin>
			<ymin>122</ymin>
			<xmax>600</xmax>
			<ymax>483</ymax>
		</bndbox>
	</object>
	<object>
		<name>column</name>
		<pose>Unspecified</pose>
		<truncated>0</truncated>
		<difficult>0</difficult>
		<bndbox>
			<xmin>619</xmin>
			<ymin>126</ymin>
			<xmax>683</xmax>
			<ymax>491</ymax>
		</bndbox>
	</object>
</annotation>
