<annotation>
	<folder>MARMOT_ANNOTATION</folder>
	<filename>10.1.1.1.2067_10.bmp</filename>
	<path>/home/monika/Desktop/MARMOT_ANNOTATION/10.1.1.1.2067_10.bmp</path>
	<source>
		<database>Unknown</database>
	</source>
	<size>
		<width>816</width>
		<height>1056</height>
		<depth>1</depth>
	</size>
	<segmented>0</segmented>
	<object>
		<name>column</name>
		<pose>Unspecified</pose>
		<truncated>0</truncated>
		<difficult>0</difficult>
		<bndbox>
			<xmin>472</xmin>
			<ymin>88</ymin>
			<xmax>574</xmax>
			<ymax>179</ymax>
		</bndbox>
	</object>
	<object>
		<name>column</name>
		<pose>Unspecified</pose>
		<truncated>0</truncated>
		<difficult>0</difficult>
		<bndbox>
			<xmin>591</xmin>
			<ymin>87</ymin>
			<xmax>711</xmax>
			<ymax>177</ymax>
		</bndbox>
	</object>
	<object>
		<name>column</name>
		<pose>Unspecified</pose>
		<truncated>0</truncated>
		<difficult>0</difficult>
		<bndbox>
			<xmin>591</xmin>
			<ymin>200</ymin>
			<xmax>690</xmax>
			<ymax>230</ymax>
		</bndbox>
	</object>
	<object>
		<name>column</name>
		<pose>Unspecified</pose>
		<truncated>0</truncated>
		<difficult>0</difficult>
		<bndbox>
			<xmin>472</xmin>
			<ymin>199</ymin>
			<xmax>574</xmax>
			<ymax>229</ymax>
		</bndbox>
	</object>
</annotation>
