<annotation>
	<folder>MARMOT_ANNOTATION</folder>
	<filename>10.1.1.100.2031_8.bmp</filename>
	<path>/home/shubham/Desktop/MARMOT_ANNOTATION/10.1.1.100.2031_8.bmp</path>
	<source>
		<database>Unknown</database>
	</source>
	<size>
		<width>816</width>
		<height>1056</height>
		<depth>1</depth>
	</size>
	<segmented>0</segmented>
	<object>
		<name>column</name>
		<pose>Unspecified</pose>
		<truncated>0</truncated>
		<difficult>0</difficult>
		<bndbox>
			<xmin>94</xmin>
			<ymin>338</ymin>
			<xmax>242</xmax>
			<ymax>493</ymax>
		</bndbox>
	</object>
	<object>
		<name>column</name>
		<pose>Unspecified</pose>
		<truncated>0</truncated>
		<difficult>0</difficult>
		<bndbox>
			<xmin>258</xmin>
			<ymin>338</ymin>
			<xmax>445</xmax>
			<ymax>494</ymax>
		</bndbox>
	</object>
	<object>
		<name>column</name>
		<pose>Unspecified</pose>
		<truncated>0</truncated>
		<difficult>0</difficult>
		<bndbox>
			<xmin>463</xmin>
			<ymin>339</ymin>
			<xmax>619</xmax>
			<ymax>496</ymax>
		</bndbox>
	</object>
</annotation>
