<annotation>
	<folder>MARMOT_ANNOTATION</folder>
	<filename>10.1.1.100.2033_23.bmp</filename>
	<path>/home/monika/Desktop/MARMOT_ANNOTATION/10.1.1.100.2033_23.bmp</path>
	<source>
		<database>Unknown</database>
	</source>
	<size>
		<width>816</width>
		<height>1056</height>
		<depth>1</depth>
	</size>
	<segmented>0</segmented>
	<object>
		<name>column</name>
		<pose>Unspecified</pose>
		<truncated>0</truncated>
		<difficult>0</difficult>
		<bndbox>
			<xmin>175</xmin>
			<ymin>169</ymin>
			<xmax>219</xmax>
			<ymax>266</ymax>
		</bndbox>
	</object>
	<object>
		<name>column</name>
		<pose>Unspecified</pose>
		<truncated>0</truncated>
		<difficult>0</difficult>
		<bndbox>
			<xmin>241</xmin>
			<ymin>170</ymin>
			<xmax>299</xmax>
			<ymax>268</ymax>
		</bndbox>
	</object>
	<object>
		<name>column</name>
		<pose>Unspecified</pose>
		<truncated>0</truncated>
		<difficult>0</difficult>
		<bndbox>
			<xmin>351</xmin>
			<ymin>170</ymin>
			<xmax>414</xmax>
			<ymax>266</ymax>
		</bndbox>
	</object>
	<object>
		<name>column</name>
		<pose>Unspecified</pose>
		<truncated>0</truncated>
		<difficult>0</difficult>
		<bndbox>
			<xmin>449</xmin>
			<ymin>169</ymin>
			<xmax>509</xmax>
			<ymax>270</ymax>
		</bndbox>
	</object>
	<object>
		<name>column</name>
		<pose>Unspecified</pose>
		<truncated>0</truncated>
		<difficult>0</difficult>
		<bndbox>
			<xmin>548</xmin>
			<ymin>169</ymin>
			<xmax>615</xmax>
			<ymax>266</ymax>
		</bndbox>
	</object>
</annotation>
